pos,corr_resp,thisN,thisTrialN,thisRepN,key_resp.keys,key_resp.corr,key_resp.rt,key_resp.duration,trials.thisRepN,trials.thisTrialN,trials.thisN,trials.thisIndex,trials_2.thisRepN,trials_2.thisTrialN,trials_2.thisN,trials_2.thisIndex,thisRow.t,notes,trial.started,fixation.started,line1.started,line2.started,line3.started,line4.started,fixation.stopped,probe.started,key_resp.started,trial.stopped,trials.key_resp.keys,trials.key_resp.corr,trials.key_resp.rt,trials.key_resp.duration,trials_2.key_resp.keys,trials_2.key_resp.corr,trials_2.key_resp.rt,trials_2.key_resp.duration,participant,session,date,expName,expVersion,psychopyVersion,frameRate,expStart,
-50,x,0,0,0,x,1,0.3977585000102408,None,0,0,0,0,,,,,0.014580999995814636,,0.010952899989206344,0.014580999995814636,1.0082519999996293,1.0082519999996293,1.0082519999996293,1.0082519999996293,1.0248302999825682,2.0076047999900766,2.0076047999900766,2.4146234999934677,x,1,0.3977585000102408,None,,,,,02,001,2025-10-04_18h20.15.479,motor sequencing,,2025.1.1,59.850994964053996,2025-10-04 18h20.25.131581 +0530,
150,v,1,1,0,v,1,0.5032869999995455,None,0,1,1,1,,,,,2.4242450000019744,,2.4150955000077374,2.4242450000019744,3.425108800001908,3.425108800001908,3.425108800001908,3.425108800001908,3.425108800001908,4.42498759998125,4.42498759998125,4.942996800004039,v,1,0.5032869999995455,None,,,,,02,001,2025-10-04_18h20.15.479,motor sequencing,,2025.1.1,59.850994964053996,2025-10-04 18h20.25.131581 +0530,
50,c,2,2,0,c,1,0.6553325999993831,None,0,2,2,2,,,,,4.958376299997326,,4.943951900000684,4.958376299997326,5.958199999993667,5.958199999993667,5.958199999993667,5.958199999993667,5.958199999993667,6.957993899995927,6.957993899995927,7.625544499984244,c,1,0.6553325999993831,None,,,,,02,001,2025-10-04_18h20.15.479,motor sequencing,,2025.1.1,59.850994964053996,2025-10-04 18h20.25.131581 +0530,
-150,z,3,3,0,z,1,0.4986903000099119,None,0,3,3,3,,,,,7.641411299991887,,7.62596959999064,7.641411299991887,8.626034899993101,8.626034899993101,8.626034899993101,8.626034899993101,8.641736699995818,9.625104399980046,9.625104399980046,10.125546800001757,z,1,0.4986903000099119,None,,,,,02,001,2025-10-04_18h20.15.479,motor sequencing,,2025.1.1,59.850994964053996,2025-10-04 18h20.25.131581 +0530,
-50,x,4,0,1,x,1,0.5430171000189148,None,1,0,4,0,,,,,10.141443400003482,,10.12618749999092,10.141443400003482,11.124406599992653,11.124406599992653,11.124406599992653,11.124406599992653,11.141417899983935,12.14172059998964,12.14172059998964,12.692297300003702,x,1,0.5430171000189148,None,,,,,02,001,2025-10-04_18h20.15.479,motor sequencing,,2025.1.1,59.850994964053996,2025-10-04 18h20.25.131581 +0530,
150,v,5,1,1,v,1,0.4353242999932263,None,1,1,5,1,,,,,12.708223699999508,,12.6929361000075,12.708223699999508,13.708251400006702,13.708251400006702,13.708251400006702,13.708251400006702,13.708251400006702,14.70819509998546,14.70819509998546,15.159803999995347,v,1,0.4353242999932263,None,,,,,02,001,2025-10-04_18h20.15.479,motor sequencing,,2025.1.1,59.850994964053996,2025-10-04 18h20.25.131581 +0530,
50,c,6,2,1,c,1,0.6622745999775361,None,1,2,6,2,,,,,15.174968300008914,,15.160383399983402,15.174968300008914,16.174716099980287,16.174716099980287,16.174716099980287,16.174716099980287,16.174716099980287,17.175062700000126,17.175062700000126,17.84293769998476,c,1,0.6622745999775361,None,,,,,02,001,2025-10-04_18h20.15.479,motor sequencing,,2025.1.1,59.850994964053996,2025-10-04 18h20.25.131581 +0530,
-150,z,7,3,1,z,1,0.7320804999908432,None,1,3,7,3,,,,,17.858042699983343,,17.843981899990467,17.858042699983343,18.859342899988405,18.859342899988405,18.859342899988405,18.859342899988405,18.859342899988405,19.8577444999828,19.8577444999828,20.59254320000764,z,1,0.7320804999908432,None,,,,,02,001,2025-10-04_18h20.15.479,motor sequencing,,2025.1.1,59.850994964053996,2025-10-04 18h20.25.131581 +0530,
-50,x,8,0,2,x,1,0.4307192000269424,None,2,0,8,0,,,,,20.607956499996362,,20.59348399998271,20.607956499996362,21.608232300000964,21.608232300000964,21.608232300000964,21.608232300000964,21.608232300000964,22.59114760000375,22.59114760000375,23.025791199994273,x,1,0.4307192000269424,None,,,,,02,001,2025-10-04_18h20.15.479,motor sequencing,,2025.1.1,59.850994964053996,2025-10-04 18h20.25.131581 +0530,
150,v,9,1,2,v,1,0.39871259999927133,None,2,1,9,1,,,,,23.04174499999499,,23.026524899993092,23.04174499999499,24.041493199998513,24.041493199998513,24.041493199998513,24.041493199998513,24.041493199998513,25.041652599989902,25.041652599989902,25.442022400005953,v,1,0.39871259999927133,None,,,,,02,001,2025-10-04_18h20.15.479,motor sequencing,,2025.1.1,59.850994964053996,2025-10-04 18h20.25.131581 +0530,
50,c,10,2,2,c,1,0.5435005000035744,None,2,2,10,2,,,,,25.457730599999195,,25.442641400004504,25.457730599999195,26.457949100004043,26.457949100004043,26.457949100004043,26.457949100004043,26.457949100004043,27.44169310000143,27.44169310000143,27.992311699985294,c,1,0.5435005000035744,None,,,,,02,001,2025-10-04_18h20.15.479,motor sequencing,,2025.1.1,59.850994964053996,2025-10-04 18h20.25.131581 +0530,
-150,z,11,3,2,z,1,0.4308098999899812,None,2,3,11,3,,,,,28.00812029998633,,27.992994900007034,28.00812029998633,29.00810839998303,29.00810839998303,29.00810839998303,29.00810839998303,29.00810839998303,30.008052199991653,30.008052199991653,30.441848599992227,z,1,0.4308098999899812,None,,,,,02,001,2025-10-04_18h20.15.479,motor sequencing,,2025.1.1,59.850994964053996,2025-10-04 18h20.25.131581 +0530,
-50,x,12,0,3,x,1,0.4664022999932058,None,3,0,12,0,,,,,30.458125899982406,,30.44221059998381,30.458125899982406,31.441862200008472,31.441862200008472,31.441862200008472,31.441862200008472,31.457785599981435,32.441312699986156,32.441312699986156,32.90920449999976,x,1,0.4664022999932058,None,,,,,02,001,2025-10-04_18h20.15.479,motor sequencing,,2025.1.1,59.850994964053996,2025-10-04 18h20.25.131581 +0530,
150,v,13,1,3,v,1,1.1339043999905698,None,3,1,13,1,,,,,32.92475179999019,,32.90983809999307,32.92475179999019,33.90831609998713,33.90831609998713,33.90831609998713,33.90831609998713,33.92461899999762,34.924536599981366,34.924536599981366,36.07569080000394,v,1,1.1339043999905698,None,,,,,02,001,2025-10-04_18h20.15.479,motor sequencing,,2025.1.1,59.850994964053996,2025-10-04 18h20.25.131581 +0530,
50,c,14,2,3,c,1,0.5860685000079684,None,3,2,14,2,,,,,36.09142330000759,,36.07626080000773,36.09142330000759,37.091213100007735,37.091213100007735,37.091213100007735,37.091213100007735,37.091213100007735,38.091788499994436,38.091788499994436,38.69187929999316,c,1,0.5860685000079684,None,,,,,02,001,2025-10-04_18h20.15.479,motor sequencing,,2025.1.1,59.850994964053996,2025-10-04 18h20.25.131581 +0530,
-150,z,15,3,3,z,1,0.67907529999502,None,3,3,15,3,,,,,38.707762400008505,,38.69231710000895,38.707762400008505,39.691545399982715,39.691545399982715,39.691545399982715,39.691545399982715,39.70791830000235,40.69178480000119,40.69178480000119,41.37518149998505,z,1,0.67907529999502,None,,,,,02,001,2025-10-04_18h20.15.479,motor sequencing,,2025.1.1,59.850994964053996,2025-10-04 18h20.25.131581 +0530,
-50,x,16,0,4,x,1,0.4836304000054952,None,4,0,16,0,,,,,41.391636599990306,,41.37567619999754,41.391636599990306,42.374421599990455,42.374421599990455,42.374421599990455,42.374421599990455,42.39187239998137,43.37494019998121,43.37494019998121,43.86021779998555,x,1,0.4836304000054952,None,,,,,02,001,2025-10-04_18h20.15.479,motor sequencing,,2025.1.1,59.850994964053996,2025-10-04 18h20.25.131581 +0530,
150,v,17,1,4,v,1,0.48965170001611114,None,4,1,17,1,,,,,43.87525499999174,,43.86086479999358,43.87525499999174,44.874634299980244,44.874634299980244,44.874634299980244,44.874634299980244,44.874634299980244,45.87437479998334,45.87437479998334,46.37578649999341,v,1,0.48965170001611114,None,,,,,02,001,2025-10-04_18h20.15.479,motor sequencing,,2025.1.1,59.850994964053996,2025-10-04 18h20.25.131581 +0530,
50,c,18,2,4,c,1,0.6420970000035595,None,4,2,18,2,,,,,46.39134879998164,,46.37623659998644,46.39134879998164,47.39186279999558,47.39186279999558,47.39186279999558,47.39186279999558,47.39186279999558,48.3916906999948,48.3916906999948,49.042863199982094,c,1,0.6420970000035595,None,,,,,02,001,2025-10-04_18h20.15.479,motor sequencing,,2025.1.1,59.850994964053996,2025-10-04 18h20.25.131581 +0530,
-150,z,19,3,4,z,1,0.5508941000152845,None,4,3,19,3,,,,,49.05815269998857,,49.04352899998776,49.05815269998857,50.058356199995615,50.058356199995615,50.058356199995615,50.058356199995615,50.058356199995615,51.0582110999967,51.0582110999967,51.62557679999736,z,1,0.5508941000152845,None,,,,,02,001,2025-10-04_18h20.15.479,motor sequencing,,2025.1.1,59.850994964053996,2025-10-04 18h20.25.131581 +0530,
-50,x,20,0,5,x,1,0.33383290001074784,None,5,0,20,0,,,,,51.64153449999867,,51.62606169999344,51.64153449999867,52.62520079998649,52.62520079998649,52.62520079998649,52.62520079998649,52.641577800008235,53.641439300001366,53.641439300001366,53.976418300007936,x,1,0.33383290001074784,None,,,,,02,001,2025-10-04_18h20.15.479,motor sequencing,,2025.1.1,59.850994964053996,2025-10-04 18h20.25.131581 +0530,
150,v,21,1,5,v,1,0.753326800011564,None,5,1,21,1,,,,,53.991414799995255,,53.97709820000455,53.991414799995255,54.991382999985944,54.991382999985944,54.991382999985944,54.991382999985944,54.991382999985944,55.991864799987525,55.991864799987525,56.75928389999899,v,1,0.753326800011564,None,,,,,02,001,2025-10-04_18h20.15.479,motor sequencing,,2025.1.1,59.850994964053996,2025-10-04 18h20.25.131581 +0530,
50,c,22,2,5,c,1,1.1099613000114914,None,5,2,22,2,,,,,56.77483159999247,,56.75988299999153,56.77483159999247,57.75840120000066,57.75840120000066,57.75840120000066,57.75840120000066,57.775230800005374,58.77476490000845,58.77476490000845,59.892310199997155,c,1,1.1099613000114914,None,,,,,02,001,2025-10-04_18h20.15.479,motor sequencing,,2025.1.1,59.850994964053996,2025-10-04 18h20.25.131581 +0530,
-150,z,23,3,5,z,1,0.4367694999964442,None,5,3,23,3,,,,,59.90819580000243,,59.89290839998284,59.90819580000243,60.89188099998864,60.89188099998864,60.89188099998864,60.89188099998864,60.90834379999433,61.908013799984474,61.908013799984474,62.359044899989385,z,1,0.4367694999964442,None,,,,,02,001,2025-10-04_18h20.15.479,motor sequencing,,2025.1.1,59.850994964053996,2025-10-04 18h20.25.131581 +0530,
-50,x,24,0,6,x,1,0.3184612000186462,None,6,0,24,0,,,,,62.374538799980655,,62.35947989998385,62.374538799980655,63.358268099982524,63.358268099982524,63.358268099982524,63.358268099982524,63.37494439998409,64.37493269998231,64.37493269998231,64.70898429999943,x,1,0.3184612000186462,None,,,,,02,001,2025-10-04_18h20.15.479,motor sequencing,,2025.1.1,59.850994964053996,2025-10-04 18h20.25.131581 +0530,
150,v,25,1,6,v,1,0.6019506999873556,None,6,1,25,1,,,,,64.72492849998525,,64.70941089998814,64.72492849998525,65.70829129999038,65.70829129999038,65.70829129999038,65.70829129999038,65.72456579998834,66.72497939999448,66.72497939999448,67.34176650000154,v,1,0.6019506999873556,None,,,,,02,001,2025-10-04_18h20.15.479,motor sequencing,,2025.1.1,59.850994964053996,2025-10-04 18h20.25.131581 +0530,
50,c,26,2,6,c,1,0.7010908000229392,None,6,2,26,2,,,,,67.35785490000853,,67.34229239998967,67.35785490000853,68.34182529998361,68.34182529998361,68.34182529998361,68.34182529998361,68.35840919998009,69.34116549999453,69.34116549999453,70.04350519998115,c,1,0.7010908000229392,None,,,,,02,001,2025-10-04_18h20.15.479,motor sequencing,,2025.1.1,59.850994964053996,2025-10-04 18h20.25.131581 +0530,
-150,z,27,3,6,z,1,0.5401807999878656,None,6,3,27,3,,,,,70.05833639999037,,70.04429510000045,70.05833639999037,71.05814809998265,71.05814809998265,71.05814809998265,71.05814809998265,71.05814809998265,72.05839429999469,72.05839429999469,72.608682399994,z,1,0.5401807999878656,None,,,,,02,001,2025-10-04_18h20.15.479,motor sequencing,,2025.1.1,59.850994964053996,2025-10-04 18h20.25.131581 +0530,
-50,x,28,0,7,x,1,0.5878898000228219,None,7,0,28,0,,,,,72.62469009999768,,72.60919200000353,72.62469009999768,73.60800419998122,73.60800419998122,73.60800419998122,73.60800419998122,73.62486529999296,74.60777109998162,74.60777109998162,75.20885920000728,x,1,0.5878898000228219,None,,,,,02,001,2025-10-04_18h20.15.479,motor sequencing,,2025.1.1,59.850994964053996,2025-10-04 18h20.25.131581 +0530,
150,v,29,1,7,v,1,0.5822259999986272,None,7,1,29,1,,,,,75.22558609998669,,75.20934440000565,75.22558609998669,76.20874420000473,76.20874420000473,76.20874420000473,76.20874420000473,76.22447650000686,77.22487929998897,77.22487929998897,77.80802850000327,v,1,0.5822259999986272,None,,,,,02,001,2025-10-04_18h20.15.479,motor sequencing,,2025.1.1,59.850994964053996,2025-10-04 18h20.25.131581 +0530,
50,c,30,2,7,c,1,0.6787043000222184,None,7,2,30,2,,,,,77.82431359999464,,77.80845330000739,77.82431359999464,78.80760369999916,78.80760369999916,78.80760369999916,78.80760369999916,78.82433360000141,79.80813299998408,79.80813299998408,80.49326289998135,c,1,0.6787043000222184,None,,,,,02,001,2025-10-04_18h20.15.479,motor sequencing,,2025.1.1,59.850994964053996,2025-10-04 18h20.25.131581 +0530,
-150,z,31,3,7,z,1,0.4530137999972794,None,7,3,31,3,,,,,80.50807089998852,,80.49390219998895,80.50807089998852,81.509696299996,81.509696299996,81.509696299996,81.509696299996,81.509696299996,82.50769060000312,82.50769060000312,82.9756734999828,z,1,0.4530137999972794,None,,,,,02,001,2025-10-04_18h20.15.479,motor sequencing,,2025.1.1,59.850994964053996,2025-10-04 18h20.25.131581 +0530,
-50,x,32,0,8,v,0,0.08579270000336692,None,8,0,32,0,,,,,82.99132969998755,,82.97639679998974,82.99132969998755,83.99150010000449,83.99150010000449,83.99150010000449,83.99150010000449,83.99150010000449,84.97489310000674,84.97489310000674,85.0757706000004,v,0,0.08579270000336692,None,,,,,02,001,2025-10-04_18h20.15.479,motor sequencing,,2025.1.1,59.850994964053996,2025-10-04 18h20.25.131581 +0530,
150,v,33,1,8,x,0,0.22872360001201741,None,8,1,33,1,,,,,85.09125880000647,,85.07640610000817,85.09125880000647,86.09181069998886,86.09181069998886,86.09181069998886,86.09181069998886,86.09181069998886,87.0747304999968,87.0747304999968,87.30954349998501,x,0,0.22872360001201741,None,,,,,02,001,2025-10-04_18h20.15.479,motor sequencing,,2025.1.1,59.850994964053996,2025-10-04 18h20.25.131581 +0530,
50,c,34,2,8,c,1,0.6097514000139199,None,8,2,34,2,,,,,87.32506440000725,,87.31035519999568,87.32506440000725,88.32456419998198,88.32456419998198,88.32456419998198,88.32456419998198,88.32456419998198,89.3251687999873,89.3251687999873,89.94304969999939,c,1,0.6097514000139199,None,,,,,02,001,2025-10-04_18h20.15.479,motor sequencing,,2025.1.1,59.850994964053996,2025-10-04 18h20.25.131581 +0530,
-150,z,35,3,8,z,1,0.4763111999782268,None,8,3,35,3,,,,,89.9581072999863,,89.94381029999931,89.9581072999863,90.95838769999682,90.95838769999682,90.95838769999682,90.95838769999682,90.95838769999682,91.95820279998588,91.95820279998588,92.44288630000665,z,1,0.4763111999782268,None,,,,,02,001,2025-10-04_18h20.15.479,motor sequencing,,2025.1.1,59.850994964053996,2025-10-04 18h20.25.131581 +0530,
-50,x,36,0,9,x,1,0.48353129997849464,None,9,0,36,0,,,,,92.45794379999279,,92.44369039998855,92.45794379999279,93.45827050000662,93.45827050000662,93.45827050000662,93.45827050000662,93.45827050000662,94.45820540000568,94.45820540000568,94.9586438999977,x,1,0.48353129997849464,None,,,,,02,001,2025-10-04_18h20.15.479,motor sequencing,,2025.1.1,59.850994964053996,2025-10-04 18h20.25.131581 +0530,
150,v,37,1,9,v,1,0.6031669999938458,None,9,1,37,1,,,,,94.97464199998649,,94.95933729998069,94.97464199998649,95.95820900000399,95.95820900000399,95.95820900000399,95.95820900000399,95.97449989998131,96.95842720000655,96.95842720000655,97.57608369999798,v,1,0.6031669999938458,None,,,,,02,001,2025-10-04_18h20.15.479,motor sequencing,,2025.1.1,59.850994964053996,2025-10-04 18h20.25.131581 +0530,
50,c,38,2,9,c,1,0.35978260001866147,None,9,2,38,2,,,,,97.59169820000534,,97.57664859999204,97.59169820000534,98.59155099999043,98.59155099999043,98.59155099999043,98.59155099999043,98.59155099999043,99.59154699998908,99.59154699998908,99.95932870000252,c,1,0.35978260001866147,None,,,,,02,001,2025-10-04_18h20.15.479,motor sequencing,,2025.1.1,59.850994964053996,2025-10-04 18h20.25.131581 +0530,
-150,z,39,3,9,z,1,0.5260951000091154,None,9,3,39,3,,,,,99.9748729999992,,99.96003889999702,99.9748729999992,100.95767489998252,100.95767489998252,100.95767489998252,100.95767489998252,100.97508509998443,101.95791359999566,101.95791359999566,102.49351179998484,z,1,0.5260951000091154,None,,,,,02,001,2025-10-04_18h20.15.479,motor sequencing,,2025.1.1,59.850994964053996,2025-10-04 18h20.25.131581 +0530,
-50,x,40,0,10,x,1,0.7493410000170115,None,10,0,40,0,,,,,102.50802269999986,,102.4941656999872,102.50802269999986,103.50755489998846,103.50755489998846,103.50755489998846,103.50755489998846,103.50755489998846,104.50779079998028,104.50779079998028,105.25844390000566,x,1,0.7493410000170115,None,,,,,02,001,2025-10-04_18h20.15.479,motor sequencing,,2025.1.1,59.850994964053996,2025-10-04 18h20.25.131581 +0530,
150,v,41,1,10,c,0,0.3171450999798253,None,10,1,41,1,,,,,105.27515989998938,,105.25886219998938,105.27515989998938,106.25850029999856,106.25850029999856,106.25850029999856,106.25850029999856,106.27553769998485,107.25821460000589,107.25821460000589,107.57688969999435,c,0,0.3171450999798253,None,,,,,02,001,2025-10-04_18h20.15.479,motor sequencing,,2025.1.1,59.850994964053996,2025-10-04 18h20.25.131581 +0530,
50,c,42,2,10,c,1,0.5102849999966566,None,10,2,42,2,,,,,107.59174810000695,,107.57753370000864,107.59174810000695,108.59113439999055,108.59113439999055,108.59113439999055,108.59113439999055,108.59113439999055,109.59167090000119,109.59167090000119,110.10931529998197,c,1,0.5102849999966566,None,,,,,02,001,2025-10-04_18h20.15.479,motor sequencing,,2025.1.1,59.850994964053996,2025-10-04 18h20.25.131581 +0530,
-150,z,43,3,10,z,1,0.5589111000008415,None,10,3,43,3,,,,,110.12464619998354,,110.1099830000021,110.12464619998354,111.12441729998682,111.12441729998682,111.12441729998682,111.12441729998682,111.12441729998682,112.12456100000418,112.12456100000418,112.69254659998114,z,1,0.5589111000008415,None,,,,,02,001,2025-10-04_18h20.15.479,motor sequencing,,2025.1.1,59.850994964053996,2025-10-04 18h20.25.131581 +0530,
-50,x,44,0,11,x,1,0.3277016000065487,None,11,0,44,0,,,,,112.7082451999886,,112.69301600000472,112.7082451999886,113.70762800000375,113.70762800000375,113.70762800000375,113.70762800000375,113.70762800000375,114.69155049999245,114.69155049999245,115.02634199999738,x,1,0.3277016000065487,None,,,,,02,001,2025-10-04_18h20.15.479,motor sequencing,,2025.1.1,59.850994964053996,2025-10-04 18h20.25.131581 +0530,
150,v,45,1,11,v,1,0.5188782999757677,None,11,1,45,1,,,,,115.04114719998324,,115.02713219998986,115.04114719998324,116.04133429998183,116.04133429998183,116.04133429998183,116.04133429998183,116.04133429998183,117.04120239999611,117.04120239999611,117.57575389998965,v,1,0.5188782999757677,None,,,,,02,001,2025-10-04_18h20.15.479,motor sequencing,,2025.1.1,59.850994964053996,2025-10-04 18h20.25.131581 +0530,
50,c,46,2,11,x,0,0.4466037999955006,None,11,2,46,2,,,,,117.59174810000695,,117.5763195999898,117.59174810000695,118.5747876999958,118.5747876999958,118.5747876999958,118.5747876999958,118.59129499999108,119.59126909999759,119.59126909999759,120.04248269999516,x,0,0.4466037999955006,None,,,,,02,001,2025-10-04_18h20.15.479,motor sequencing,,2025.1.1,59.850994964053996,2025-10-04 18h20.25.131581 +0530,
-150,z,47,3,11,z,1,0.415818900015438,None,11,3,47,3,,,,,120.05798049998702,,120.04296299998532,120.05798049998702,121.05800220000674,121.05800220000674,121.05800220000674,121.05800220000674,121.05800220000674,122.058271899994,122.058271899994,122.47590729998774,z,1,0.415818900015438,None,,,,,02,001,2025-10-04_18h20.15.479,motor sequencing,,2025.1.1,59.850994964053996,2025-10-04 18h20.25.131581 +0530,
-50,x,48,0,12,x,1,0.41695400001481175,None,12,0,48,0,,,,,122.49179080000613,,122.47668309998699,122.49179080000613,123.47496249998221,123.47496249998221,123.47496249998221,123.47496249998221,123.49139799998375,124.47491970000556,124.47491970000556,124.89265510000405,x,1,0.41695400001481175,None,,,,,02,001,2025-10-04_18h20.15.479,motor sequencing,,2025.1.1,59.850994964053996,2025-10-04 18h20.25.131581 +0530,
150,v,49,1,12,v,1,0.43064310000045225,None,12,1,49,1,,,,,124.90840709998156,,124.89318349998211,124.90840709998156,125.89180270000361,125.89180270000361,125.89180270000361,125.89180270000361,125.90843630000018,126.89289650000865,126.89289650000865,127.32554709998658,v,1,0.43064310000045225,None,,,,,02,001,2025-10-04_18h20.15.479,motor sequencing,,2025.1.1,59.850994964053996,2025-10-04 18h20.25.131581 +0530,
50,c,50,2,12,x,0,0.38970010000048205,None,12,2,50,2,,,,,127.341376700002,,127.32620759998099,127.341376700002,128.3250146000064,128.3250146000064,128.3250146000064,128.3250146000064,128.34133510000538,129.3252758999879,129.3252758999879,129.72521859998233,x,0,0.38970010000048205,None,,,,,02,001,2025-10-04_18h20.15.479,motor sequencing,,2025.1.1,59.850994964053996,2025-10-04 18h20.25.131581 +0530,
-150,z,51,3,12,z,1,0.49615440002526157,None,12,3,51,3,,,,,129.74133689998416,,129.7260629000084,129.74133689998416,130.7251774999895,130.7251774999895,130.7251774999895,130.7251774999895,130.7417341999826,131.724596199987,131.724596199987,132.22593109999434,z,1,0.49615440002526157,None,,,,,02,001,2025-10-04_18h20.15.479,motor sequencing,,2025.1.1,59.850994964053996,2025-10-04 18h20.25.131581 +0530,
-50,x,52,0,13,x,1,0.610172299988335,None,13,0,52,0,,,,,132.24182870000368,,132.22636319999583,132.24182870000368,133.24221379999653,133.24221379999653,133.24221379999653,133.24221379999653,133.24221379999653,134.24197750000167,134.24197750000167,134.85927699998138,x,1,0.610172299988335,None,,,,,02,001,2025-10-04_18h20.15.479,motor sequencing,,2025.1.1,59.850994964053996,2025-10-04 18h20.25.131581 +0530,
150,v,53,1,13,v,1,0.5658948000054806,None,13,1,53,1,,,,,134.87490080000134,,134.85988459998043,134.87490080000134,135.8744577000034,135.8744577000034,135.8744577000034,135.8744577000034,135.8744577000034,136.8744946999941,136.8744946999941,137.44177999999374,v,1,0.5658948000054806,None,,,,,02,001,2025-10-04_18h20.15.479,motor sequencing,,2025.1.1,59.850994964053996,2025-10-04 18h20.25.131581 +0530,
50,c,54,2,13,c,1,0.40964130000793375,None,13,2,54,2,,,,,137.4582847999991,,137.4421902000031,137.4582847999991,138.44178470000043,138.44178470000043,138.44178470000043,138.44178470000043,138.45797449999372,139.44156889998703,139.44156889998703,139.85881519998657,c,1,0.40964130000793375,None,,,,,02,001,2025-10-04_18h20.15.479,motor sequencing,,2025.1.1,59.850994964053996,2025-10-04 18h20.25.131581 +0530,
-150,z,55,3,13,z,1,0.5207001999951899,None,13,3,55,3,,,,,139.87461100000655,,139.8593608000083,139.87461100000655,140.85782380000455,140.85782380000455,140.85782380000455,140.85782380000455,140.87467049999395,141.8584096999839,141.8584096999839,142.3923170999915,z,1,0.5207001999951899,None,,,,,02,001,2025-10-04_18h20.15.479,motor sequencing,,2025.1.1,59.850994964053996,2025-10-04 18h20.25.131581 +0530,
-50,x,56,0,14,x,1,0.5048022999835666,None,14,0,56,0,,,,,142.408119300002,,142.39275529998122,142.408119300002,143.40789869998116,143.40789869998116,143.40789869998116,143.40789869998116,143.40789869998116,144.3914769999974,144.3914769999974,144.9097924999951,x,1,0.5048022999835666,None,,,,,02,001,2025-10-04_18h20.15.479,motor sequencing,,2025.1.1,59.850994964053996,2025-10-04 18h20.25.131581 +0530,
150,v,57,1,14,v,1,0.5284708999970462,None,14,1,57,1,,,,,144.92503409998608,,144.91023999999743,144.92503409998608,145.92470579998917,145.92470579998917,145.92470579998917,145.92470579998917,145.92470579998917,146.92521650000708,146.92521650000708,147.459669999982,v,1,0.5284708999970462,None,,,,,02,001,2025-10-04_18h20.15.479,motor sequencing,,2025.1.1,59.850994964053996,2025-10-04 18h20.25.131581 +0530,
50,c,58,2,14,c,1,0.46849230001680553,None,14,2,58,2,,,,,147.47492720000446,,147.4603572000051,147.47492720000446,148.47511790000135,148.47511790000135,148.47511790000135,148.47511790000135,148.47511790000135,149.474782699981,149.474782699981,149.9588218999852,c,1,0.46849230001680553,None,,,,,02,001,2025-10-04_18h20.15.479,motor sequencing,,2025.1.1,59.850994964053996,2025-10-04 18h20.25.131581 +0530,
-150,z,59,3,14,z,1,0.44933310002670623,None,14,3,59,3,,,,,149.97488239998347,,149.95943709998392,149.97488239998347,150.9578280999849,150.9578280999849,150.9578280999849,150.9578280999849,150.9747573999921,151.97501029999694,151.97501029999694,152.425919900008,z,1,0.44933310002670623,None,,,,,02,001,2025-10-04_18h20.15.479,motor sequencing,,2025.1.1,59.850994964053996,2025-10-04 18h20.25.131581 +0530,
-50,x,60,0,15,x,1,0.6197781999944709,None,15,0,60,0,,,,,152.44143489998532,,152.42655099998228,152.44143489998532,153.44096169999102,153.44096169999102,153.44096169999102,153.44096169999102,153.44096169999102,154.441433400003,154.441433400003,155.07641889998922,x,1,0.6197781999944709,None,,,,,02,001,2025-10-04_18h20.15.479,motor sequencing,,2025.1.1,59.850994964053996,2025-10-04 18h20.25.131581 +0530,
150,v,61,1,15,v,1,0.3661773999920115,None,15,1,61,1,,,,,155.0914652000065,,155.0771620000014,155.0914652000065,156.09130309999455,156.09130309999455,156.09130309999455,156.09130309999455,156.09130309999455,157.0920341000019,157.0920341000019,157.45914389999234,v,1,0.3661773999920115,None,,,,,02,001,2025-10-04_18h20.15.479,motor sequencing,,2025.1.1,59.850994964053996,2025-10-04 18h20.25.131581 +0530,
50,c,62,2,15,c,1,1.3365677999972831,None,15,2,62,2,,,,,157.4751527000044,,157.45964469999308,157.4751527000044,158.47529299999587,158.47529299999587,158.47529299999587,158.47529299999587,158.47529299999587,159.45800889999373,159.45800889999373,160.8146901,c,1,1.3365677999972831,None,,,,,02,001,2025-10-04_18h20.15.479,motor sequencing,,2025.1.1,59.850994964053996,2025-10-04 18h20.25.131581 +0530,
-150,z,63,3,15,x,0,0.5682808999845292,None,15,3,63,3,,,,,160.8243201999867,,160.81537430000026,160.8243201999867,161.82458439999027,161.82458439999027,161.82458439999027,161.82458439999027,161.82458439999027,162.82494869999937,162.82494869999937,163.40946289998828,x,0,0.5682808999845292,None,,,,,02,001,2025-10-04_18h20.15.479,motor sequencing,,2025.1.1,59.850994964053996,2025-10-04 18h20.25.131581 +0530,
-50,x,64,0,16,x,1,0.43531020000227727,None,16,0,64,0,,,,,163.42519789998187,,163.41008099997998,163.42519789998187,164.4246764999989,164.4246764999989,164.4246764999989,164.4246764999989,164.4246764999989,165.4247114000027,165.4247114000027,165.87588059998234,x,1,0.43531020000227727,None,,,,,02,001,2025-10-04_18h20.15.479,motor sequencing,,2025.1.1,59.850994964053996,2025-10-04 18h20.25.131581 +0530,
150,v,65,1,16,v,1,0.5110841999994591,None,16,1,65,1,,,,,165.89147299999604,,165.8764123999863,165.89147299999604,166.8917031000019,166.8917031000019,166.8917031000019,166.8917031000019,166.8917031000019,167.89186849998077,167.89186849998077,168.40932360000443,v,1,0.5110841999994591,None,,,,,02,001,2025-10-04_18h20.15.479,motor sequencing,,2025.1.1,59.850994964053996,2025-10-04 18h20.25.131581 +0530,
50,c,66,2,16,c,1,0.5306144999922253,None,16,2,66,2,,,,,168.424474200001,,168.40991289998055,168.424474200001,169.40806379998685,169.40806379998685,169.40806379998685,169.40806379998685,169.42491329999757,170.42444949998753,170.42444949998753,170.95926390000386,c,1,0.5306144999922253,None,,,,,02,001,2025-10-04_18h20.15.479,motor sequencing,,2025.1.1,59.850994964053996,2025-10-04 18h20.25.131581 +0530,
-150,z,67,3,16,z,1,0.607033100008266,None,16,3,67,3,,,,,170.97506179998163,,170.9599906000076,170.97506179998163,171.95797359998687,171.95797359998687,171.95797359998687,171.95797359998687,171.97481549999793,172.958186999982,172.958186999982,173.5756432999915,z,1,0.607033100008266,None,,,,,02,001,2025-10-04_18h20.15.479,motor sequencing,,2025.1.1,59.850994964053996,2025-10-04 18h20.25.131581 +0530,
-50,x,68,0,17,x,1,0.6090142999892123,None,17,0,68,0,,,,,173.5912876999937,,173.5762662999914,173.5912876999937,174.57486669998616,174.57486669998616,174.57486669998616,174.57486669998616,174.59113019998767,175.59126980000292,175.59126980000292,176.2103126999864,x,1,0.6090142999892123,None,,,,,02,001,2025-10-04_18h20.15.479,motor sequencing,,2025.1.1,59.850994964053996,2025-10-04 18h20.25.131581 +0530,
150,v,69,1,17,v,1,0.6695992000168189,None,17,1,69,1,,,,,176.22460829999181,,176.21077020000666,176.22460829999181,177.22439640000812,177.22439640000812,177.22439640000812,177.22439640000812,177.22439640000812,178.22506179998163,178.22506179998163,178.90939369998523,v,1,0.6695992000168189,None,,,,,02,001,2025-10-04_18h20.15.479,motor sequencing,,2025.1.1,59.850994964053996,2025-10-04 18h20.25.131581 +0530,
50,c,70,2,17,c,1,0.48002759998780675,None,17,2,70,2,,,,,178.92673109998577,,178.90997469998547,178.92673109998577,179.90845299998182,179.90845299998182,179.90845299998182,179.90845299998182,179.94175430000178,180.90834609998274,180.90834609998274,181.39200049999636,c,1,0.48002759998780675,None,,,,,02,001,2025-10-04_18h20.15.479,motor sequencing,,2025.1.1,59.850994964053996,2025-10-04 18h20.25.131581 +0530,
-150,z,71,3,17,z,1,0.5029963999986649,None,17,3,71,3,,,,,181.4081474999839,,181.39242809999269,181.4081474999839,182.3916831999959,182.3916831999959,182.3916831999959,182.3916831999959,182.40788109999266,183.39147269999376,183.39147269999376,183.9091448999825,z,1,0.5029963999986649,None,,,,,02,001,2025-10-04_18h20.15.479,motor sequencing,,2025.1.1,59.850994964053996,2025-10-04 18h20.25.131581 +0530,
-50,x,72,0,18,x,1,1.1201596000173595,None,18,0,72,0,,,,,183.92490579999867,,183.90986250000424,183.92490579999867,184.90794659999665,184.90794659999665,184.90794659999665,184.90794659999665,184.9248205999902,185.9083338000055,185.9083338000055,187.04154360000393,x,1,1.1201596000173595,None,,,,,02,001,2025-10-04_18h20.15.479,motor sequencing,,2025.1.1,59.850994964053996,2025-10-04 18h20.25.131581 +0530,
150,v,73,1,18,v,1,0.5243684000161011,None,18,1,73,1,,,,,187.05765719999908,,187.04191490000812,187.05765719999908,188.04211660000146,188.04211660000146,188.04211660000146,188.04211660000146,188.05819260000135,189.04131000000052,189.04131000000052,189.57553859998006,v,1,0.5243684000161011,None,,,,,02,001,2025-10-04_18h20.15.479,motor sequencing,,2025.1.1,59.850994964053996,2025-10-04 18h20.25.131581 +0530,
50,c,74,2,18,c,1,0.44666460002190433,None,18,2,74,2,,,,,189.59150300000329,,189.5760200000077,189.59150300000329,190.5747708999843,190.5747708999843,190.5747708999843,190.5747708999843,190.59156619998976,191.57501979998779,191.57501979998779,192.0261557000049,c,1,0.44666460002190433,None,,,,,02,001,2025-10-04_18h20.15.479,motor sequencing,,2025.1.1,59.850994964053996,2025-10-04 18h20.25.131581 +0530,
-150,z,75,3,18,z,1,0.4700332999927923,None,18,3,75,3,,,,,192.04135149999638,,192.02685160000692,192.04135149999638,193.04147440000088,193.04147440000088,193.04147440000088,193.04147440000088,193.04147440000088,194.04156919999514,194.04156919999514,194.52566959999967,z,1,0.4700332999927923,None,,,,,02,001,2025-10-04_18h20.15.479,motor sequencing,,2025.1.1,59.850994964053996,2025-10-04 18h20.25.131581 +0530,
-50,x,76,0,19,x,1,0.43270720000145957,None,19,0,76,0,,,,,194.54191430000355,,194.5262557999813,194.54191430000355,195.5412843999802,195.5412843999802,195.5412843999802,195.5412843999802,195.5412843999802,196.52467789998627,196.52467789998627,196.95922119999886,x,1,0.43270720000145957,None,,,,,02,001,2025-10-04_18h20.15.479,motor sequencing,,2025.1.1,59.850994964053996,2025-10-04 18h20.25.131581 +0530,
150,v,77,1,19,v,1,0.5401899999997113,None,19,1,77,1,,,,,196.97513519998756,,196.959924099996,196.97513519998756,197.95802389999153,197.95802389999153,197.95802389999153,197.95802389999153,197.97524579998571,198.97503559998586,198.97503559998586,199.52617860000464,v,1,0.5401899999997113,None,,,,,02,001,2025-10-04_18h20.15.479,motor sequencing,,2025.1.1,59.850994964053996,2025-10-04 18h20.25.131581 +0530,
50,c,78,2,19,c,1,0.5494004999927711,None,19,2,78,2,,,,,199.5415498999937,,199.52690409999923,199.5415498999937,200.54147779999766,200.54147779999766,200.54147779999766,200.54147779999766,200.54147779999766,201.54142560000764,201.54142560000764,202.09242359999917,c,1,0.5494004999927711,None,,,,,02,001,2025-10-04_18h20.15.479,motor sequencing,,2025.1.1,59.850994964053996,2025-10-04 18h20.25.131581 +0530,
-150,z,79,3,19,z,1,0.5099238999828231,None,19,3,79,3,,,,,202.10789579999982,,202.09300829999847,202.10789579999982,203.10817590000806,203.10817590000806,203.10817590000806,203.10817590000806,203.10817590000806,204.10809749999316,204.10809749999316,204.62605709998752,z,1,0.5099238999828231,None,,,,,02,001,2025-10-04_18h20.15.479,motor sequencing,,2025.1.1,59.850994964053996,2025-10-04 18h20.25.131581 +0530,
-50,x,80,0,20,x,1,0.5312525999906939,None,20,0,80,0,,,,,204.64176979998592,,204.62684839998838,204.64176979998592,205.6250126999803,205.6250126999803,205.6250126999803,205.6250126999803,205.64172039998812,206.641624699987,206.641624699987,207.1753352000087,x,1,0.5312525999906939,None,,,,,02,001,2025-10-04_18h20.15.479,motor sequencing,,2025.1.1,59.850994964053996,2025-10-04 18h20.25.131581 +0530,
150,v,81,1,20,v,1,0.5430791999970097,None,20,1,81,1,,,,,207.1911426000006,,207.17589210000006,207.1911426000006,208.1753344000026,208.1753344000026,208.1753344000026,208.1753344000026,208.19167579998611,209.17486080000526,209.17486080000526,209.72522419999586,v,1,0.5430791999970097,None,,,,,02,001,2025-10-04_18h20.15.479,motor sequencing,,2025.1.1,59.850994964053996,2025-10-04 18h20.25.131581 +0530,
50,c,82,2,20,c,1,0.45968749999883585,None,20,2,82,2,,,,,209.74139119999018,,209.725609599991,209.74139119999018,210.72434839999187,210.72434839999187,210.72434839999187,210.72434839999187,210.7411551999976,211.7251602000033,211.7251602000033,212.1930475999834,c,1,0.45968749999883585,None,,,,,02,001,2025-10-04_18h20.15.479,motor sequencing,,2025.1.1,59.850994964053996,2025-10-04 18h20.25.131581 +0530,
-150,z,83,3,20,z,1,0.548566799989203,None,20,3,83,3,,,,,212.2081791999808,,212.19368219998432,212.2081791999808,213.20871730000363,213.20871730000363,213.20871730000363,213.20871730000363,213.20871730000363,214.20797529999982,214.20797529999982,214.75841179999406,z,1,0.548566799989203,None,,,,,02,001,2025-10-04_18h20.15.479,motor sequencing,,2025.1.1,59.850994964053996,2025-10-04 18h20.25.131581 +0530,
-50,x,84,0,21,z,0,0.5526094000088051,None,21,0,84,0,,,,,214.77497629998834,,214.75887600000715,214.77497629998834,215.75831119998475,215.75831119998475,215.75831119998475,215.75831119998475,215.7753953000065,216.75826040000538,216.75826040000538,217.32610420000856,z,0,0.5526094000088051,None,,,,,02,001,2025-10-04_18h20.15.479,motor sequencing,,2025.1.1,59.850994964053996,2025-10-04 18h20.25.131581 +0530,
150,v,85,1,21,v,1,0.5316167999990284,None,21,1,85,1,,,,,217.3417999999947,,217.32698230000096,217.3417999999947,218.34116859998903,218.34116859998903,218.34116859998903,218.34116859998903,218.34116859998903,219.34123659998295,219.34123659998295,219.8751792999974,v,1,0.5316167999990284,None,,,,,02,001,2025-10-04_18h20.15.479,motor sequencing,,2025.1.1,59.850994964053996,2025-10-04 18h20.25.131581 +0530,
50,c,86,2,21,c,1,0.349613100028364,None,21,2,86,2,,,,,219.8914978999819,,219.87567019998096,219.8914978999819,220.87494469998637,220.87494469998637,220.87494469998637,220.87494469998637,220.89177240000572,221.87512929999502,221.87512929999502,222.22590269998182,c,1,0.349613100028364,None,,,,,02,001,2025-10-04_18h20.15.479,motor sequencing,,2025.1.1,59.850994964053996,2025-10-04 18h20.25.131581 +0530,
-150,z,87,3,21,z,1,0.4799720000009984,None,21,3,87,3,,,,,222.24130049999803,,222.2264603000076,222.24130049999803,223.22514500000398,223.22514500000398,223.22514500000398,223.22514500000398,223.24141270000837,224.24110849999124,224.24110849999124,224.7257990000071,z,1,0.4799720000009984,None,,,,,02,001,2025-10-04_18h20.15.479,motor sequencing,,2025.1.1,59.850994964053996,2025-10-04 18h20.25.131581 +0530,
-50,x,88,0,22,x,1,0.4641016999958083,None,22,0,88,0,,,,,224.74177779999445,,224.72624359998736,224.74177779999445,225.7251166999922,225.7251166999922,225.7251166999922,225.7251166999922,225.7418672000058,226.7249135999882,226.7249135999882,227.1919307000062,x,1,0.4641016999958083,None,,,,,02,001,2025-10-04_18h20.15.479,motor sequencing,,2025.1.1,59.850994964053996,2025-10-04 18h20.25.131581 +0530,
150,v,89,1,22,v,1,0.8233754000102635,None,22,1,89,1,,,,,227.20805049999035,,227.19246940000448,227.20805049999035,228.19177199999103,228.19177199999103,228.19177199999103,228.19177199999103,228.20812510000542,229.19145369998296,229.19145369998296,230.02592839999124,v,1,0.8233754000102635,None,,,,,02,001,2025-10-04_18h20.15.479,motor sequencing,,2025.1.1,59.850994964053996,2025-10-04 18h20.25.131581 +0530,
50,c,90,2,22,c,1,0.4800311999861151,None,22,2,90,2,,,,,230.0417923000059,,230.02640850000898,230.0417923000059,231.02491809998173,231.02491809998173,231.02491809998173,231.02491809998173,231.04164109998965,232.04201710000052,232.04201710000052,232.52574419998564,c,1,0.4800311999861151,None,,,,,02,001,2025-10-04_18h20.15.479,motor sequencing,,2025.1.1,59.850994964053996,2025-10-04 18h20.25.131581 +0530,
-150,z,91,3,22,z,1,0.5278400999959558,None,22,3,91,3,,,,,232.54145839999546,,232.52659530000528,232.54145839999546,233.5413894999947,233.5413894999947,233.5413894999947,233.5413894999947,233.5413894999947,234.54154809998,234.54154809998,235.07559399999445,z,1,0.5278400999959558,None,,,,,02,001,2025-10-04_18h20.15.479,motor sequencing,,2025.1.1,59.850994964053996,2025-10-04 18h20.25.131581 +0530,
-50,x,92,0,23,x,1,0.47697610000614077,None,23,0,92,0,,,,,235.09115459999884,,235.07617230000324,235.09115459999884,236.07515210000565,236.07515210000565,236.07515210000565,236.07515210000565,236.0919653000019,237.09143159998348,237.09143159998348,237.5755128999881,x,1,0.47697610000614077,None,,,,,02,001,2025-10-04_18h20.15.479,motor sequencing,,2025.1.1,59.850994964053996,2025-10-04 18h20.25.131581 +0530,
150,v,93,1,23,v,1,0.6604480000096373,None,23,1,93,1,,,,,237.59377939999104,,237.57617980000214,237.59377939999104,238.57524390000617,238.57524390000617,238.57524390000617,238.57524390000617,238.60773759998847,239.57517359999474,239.57517359999474,240.24165119999088,v,1,0.6604480000096373,None,,,,,02,001,2025-10-04_18h20.15.479,motor sequencing,,2025.1.1,59.850994964053996,2025-10-04 18h20.25.131581 +0530,
50,c,94,2,23,c,1,0.3368596000073012,None,23,2,94,2,,,,,240.25770389998797,,240.24204330000794,240.25770389998797,241.24153259999002,241.24153259999002,241.24153259999002,241.24153259999002,241.258030099998,242.24183839999023,242.24183839999023,242.59303240000736,c,1,0.3368596000073012,None,,,,,02,001,2025-10-04_18h20.15.479,motor sequencing,,2025.1.1,59.850994964053996,2025-10-04 18h20.25.131581 +0530,
-150,z,95,3,23,z,1,0.7173253999790177,None,23,3,95,3,,,,,242.6078947999922,,242.59393229999114,242.6078947999922,243.60830590000842,243.60830590000842,243.60830590000842,243.60830590000842,243.60830590000842,244.60841739998432,244.60841739998432,245.32733249999,z,1,0.7173253999790177,None,,,,,02,001,2025-10-04_18h20.15.479,motor sequencing,,2025.1.1,59.850994964053996,2025-10-04 18h20.25.131581 +0530,
-50,x,96,0,24,x,1,0.4666692999890074,None,24,0,96,0,,,,,245.34139359998517,,245.32814169998164,245.34139359998517,246.34184750000713,246.34184750000713,246.34184750000713,246.34184750000713,246.34184750000713,247.34121980000054,247.34121980000054,247.8095381000021,x,1,0.4666692999890074,None,,,,,02,001,2025-10-04_18h20.15.479,motor sequencing,,2025.1.1,59.850994964053996,2025-10-04 18h20.25.131581 +0530,
150,v,97,1,24,v,1,0.6111365999968257,None,24,1,97,1,,,,,247.82514929998433,,247.81021759999567,247.82514929998433,248.8246805999952,248.8246805999952,248.8246805999952,248.8246805999952,248.8246805999952,249.82463240000652,249.82463240000652,250.44340150000062,v,1,0.6111365999968257,None,,,,,02,001,2025-10-04_18h20.15.479,motor sequencing,,2025.1.1,59.850994964053996,2025-10-04 18h20.25.131581 +0530,
50,c,98,2,24,c,1,0.778925699996762,None,24,2,98,2,,,,,250.45847819998744,,250.44407149998005,250.45847819998744,251.45811279999907,251.45811279999907,251.45811279999907,251.45811279999907,251.45811279999907,252.45822589998716,252.45822589998716,253.24275869998382,c,1,0.778925699996762,None,,,,,02,001,2025-10-04_18h20.15.479,motor sequencing,,2025.1.1,59.850994964053996,2025-10-04 18h20.25.131581 +0530,
-150,z,99,3,24,z,1,2.7570557999715675,None,24,3,99,3,,,,,253.25802779998048,,253.2433134999883,253.25802779998048,254.25798409999697,254.25798409999697,254.25798409999697,254.25798409999697,254.25798409999697,255.25818889998482,255.25818889998482,258.025934699981,z,1,2.7570557999715675,None,,,,,02,001,2025-10-04_18h20.15.479,motor sequencing,,2025.1.1,59.850994964053996,2025-10-04 18h20.25.131581 +0530,
50,c,0,0,0,c,1,0.5412983999995049,None,,,,,0,0,0,2,258.0410905999888,,258.03297480000765,258.0410905999888,259.0247914000065,259.0247914000065,259.0247914000065,259.0247914000065,259.0412329999963,260.041399299982,260.041399299982,260.5928584999929,,,,,c,1,0.5412983999995049,None,02,001,2025-10-04_18h20.15.479,motor sequencing,,2025.1.1,59.850994964053996,2025-10-04 18h20.25.131581 +0530,
50,c,1,1,1,c,1,0.5251031999941915,None,,,,,1,1,1,2,260.60824239999056,,260.5934825000004,260.60824239999056,261.60851150000235,261.60851150000235,261.60851150000235,261.60851150000235,261.60851150000235,262.6080350999837,262.6080350999837,263.1427747999842,,,,,c,1,0.5251031999941915,None,02,001,2025-10-04_18h20.15.479,motor sequencing,,2025.1.1,59.850994964053996,2025-10-04 18h20.25.131581 +0530,
-50,x,2,2,0,x,1,0.5326045000110753,None,,,,,0,2,2,0,263.1584101000044,,263.14325739999185,263.1584101000044,264.1585230999917,264.1585230999917,264.1585230999917,264.1585230999917,264.1585230999917,265.14117729998543,265.14117729998543,265.6757249000075,,,,,x,1,0.5326045000110753,None,02,001,2025-10-04_18h20.15.479,motor sequencing,,2025.1.1,59.850994964053996,2025-10-04 18h20.25.131581 +0530,
-150,z,3,3,0,z,1,0.45990200000233017,None,,,,,0,3,3,3,265.69164289999753,,265.6764228999964,265.69164289999753,266.675104199996,266.675104199996,266.675104199996,266.675104199996,266.69123100000434,267.6746848000039,267.6746848000039,268.1424319999933,,,,,z,1,0.45990200000233017,None,02,001,2025-10-04_18h20.15.479,motor sequencing,,2025.1.1,59.850994964053996,2025-10-04 18h20.25.131581 +0530,
-150,z,4,4,1,z,1,0.6253565999795683,None,,,,,1,4,4,3,268.15800900000613,,268.1429734999838,268.15800900000613,269.14107839998906,269.14107839998906,269.14107839998906,269.14107839998906,269.1578945000074,270.1416929999832,270.1416929999832,270.7761823000037,,,,,z,1,0.6253565999795683,None,02,001,2025-10-04_18h20.15.479,motor sequencing,,2025.1.1,59.850994964053996,2025-10-04 18h20.25.131581 +0530,
-50,x,5,5,1,x,1,0.5730992000026163,None,,,,,1,5,5,0,270.7919076999824,,270.7768156999955,270.7919076999824,271.79138310000417,271.79138310000417,271.79138310000417,271.79138310000417,271.79138310000417,272.79145119999885,272.79145119999885,273.3755874999915,,,,,x,1,0.5730992000026163,None,02,001,2025-10-04_18h20.15.479,motor sequencing,,2025.1.1,59.850994964053996,2025-10-04 18h20.25.131581 +0530,
-150,z,6,6,2,z,1,0.4736773000040557,None,,,,,2,6,6,3,273.39173889998347,,273.37645469998824,273.39173889998347,274.3918163999915,274.3918163999915,274.3918163999915,274.3918163999915,274.3918163999915,275.37468290000106,275.37468290000106,275.8587147000071,,,,,z,1,0.4736773000040557,None,02,001,2025-10-04_18h20.15.479,motor sequencing,,2025.1.1,59.850994964053996,2025-10-04 18h20.25.131581 +0530,
150,v,7,7,0,v,1,0.5031774000090081,None,,,,,0,7,7,1,275.8749162000022,,275.85922089999076,275.8749162000022,276.85800899998867,276.85800899998867,276.85800899998867,276.85800899998867,276.8752159999858,277.85778779999237,277.85778779999237,278.37479319999693,,,,,v,1,0.5031774000090081,None,02,001,2025-10-04_18h20.15.479,motor sequencing,,2025.1.1,59.850994964053996,2025-10-04 18h20.25.131581 +0530,
50,c,8,8,2,c,1,0.3597908999945503,None,,,,,2,8,8,2,278.3910515999887,,278.37508339999476,278.3910515999887,279.3752228000085,279.3752228000085,279.3752228000085,279.3752228000085,279.39163830000325,280.3749438999803,280.3749438999803,280.74289399999543,,,,,c,1,0.3597908999945503,None,02,001,2025-10-04_18h20.15.479,motor sequencing,,2025.1.1,59.850994964053996,2025-10-04 18h20.25.131581 +0530,
-50,x,9,9,2,x,1,0.4112090000126045,None,,,,,2,9,9,0,280.7580587999837,,280.74360230000457,280.7580587999837,281.7582834000059,281.7582834000059,281.7582834000059,281.7582834000059,281.7582834000059,282.75844439998036,282.75844439998036,283.17647969999234,,,,,x,1,0.4112090000126045,None,02,001,2025-10-04_18h20.15.479,motor sequencing,,2025.1.1,59.850994964053996,2025-10-04 18h20.25.131581 +0530,
50,c,10,10,3,c,1,0.41366769999149255,None,,,,,3,10,10,2,283.19162189998315,,283.1773214999994,283.19162189998315,284.1912711999903,284.1912711999903,284.1912711999903,284.1912711999903,284.1912711999903,285.19174999999814,285.19174999999814,285.6096403999836,,,,,c,1,0.41366769999149255,None,02,001,2025-10-04_18h20.15.479,motor sequencing,,2025.1.1,59.850994964053996,2025-10-04 18h20.25.131581 +0530,
-50,x,11,11,3,x,1,0.2553623999992851,None,,,,,3,11,11,0,285.6245914000028,,285.6104062999948,285.6245914000028,286.62510649999604,286.62510649999604,286.62510649999604,286.62510649999604,286.62510649999604,287.62815239999327,287.62815239999327,287.89301159998286,,,,,x,1,0.2553623999992851,None,02,001,2025-10-04_18h20.15.479,motor sequencing,,2025.1.1,59.850994964053996,2025-10-04 18h20.25.131581 +0530,
-150,z,12,12,3,c,0,0.0005880999960936606,None,,,,,3,12,12,3,287.9082900999929,,287.8940159000049,287.9082900999929,288.9084912999824,288.9084912999824,288.9084912999824,288.9084912999824,288.9084912999824,289.907971299981,289.907971299981,289.90952089999337,,,,,c,0,0.0005880999960936606,None,02,001,2025-10-04_18h20.15.479,motor sequencing,,2025.1.1,59.850994964053996,2025-10-04 18h20.25.131581 +0530,
150,v,13,13,1,v,1,0.526887899992289,None,,,,,1,13,13,1,289.92479689998436,,289.9099598999892,289.92479689998436,290.92518580000615,290.92518580000615,290.92518580000615,290.92518580000615,290.92518580000615,291.92502070000046,291.92502070000046,292.45911169998,,,,,v,1,0.526887899992289,None,02,001,2025-10-04_18h20.15.479,motor sequencing,,2025.1.1,59.850994964053996,2025-10-04 18h20.25.131581 +0530,
-50,x,14,14,4,x,1,0.3862039999803528,None,,,,,4,14,14,0,292.4750365999935,,292.45964679997996,292.4750365999935,293.458129799983,293.458129799983,293.458129799983,293.458129799983,293.47491509999963,294.4583938999858,294.4583938999858,294.8585359999852,,,,,x,1,0.3862039999803528,None,02,001,2025-10-04_18h20.15.479,motor sequencing,,2025.1.1,59.850994964053996,2025-10-04 18h20.25.131581 +0530,
50,c,15,15,4,c,1,0.478270399995381,None,,,,,4,15,15,2,294.8751995000057,,294.859143699985,294.8751995000057,295.85782509998535,295.85782509998535,295.85782509998535,295.85782509998535,295.8750547999807,296.85787169999094,296.85787169999094,297.34222779999254,,,,,c,1,0.478270399995381,None,02,001,2025-10-04_18h20.15.479,motor sequencing,,2025.1.1,59.850994964053996,2025-10-04 18h20.25.131581 +0530,
-50,x,16,16,5,x,1,0.31644120000419207,None,,,,,5,16,16,0,297.3584494999959,,297.3428325999994,297.3584494999959,298.3414586999861,298.3414586999861,298.3414586999861,298.3414586999861,298.35844599999837,299.3414402999915,299.3414402999915,299.6592997999978,,,,,x,1,0.31644120000419207,None,02,001,2025-10-04_18h20.15.479,motor sequencing,,2025.1.1,59.850994964053996,2025-10-04 18h20.25.131581 +0530,
150,v,17,17,2,v,1,0.610871999990195,None,,,,,2,17,17,1,299.67490789998556,,299.65983119999873,299.67490789998556,300.65847930000746,300.65847930000746,300.65847930000746,300.65847930000746,300.6748763000069,301.6585300999868,301.6585300999868,302.27591259998735,,,,,v,1,0.610871999990195,None,02,001,2025-10-04_18h20.15.479,motor sequencing,,2025.1.1,59.850994964053996,2025-10-04 18h20.25.131581 +0530,
150,v,18,18,3,v,1,0.7748218000051565,None,,,,,3,18,18,1,302.2914369000064,,302.27634409998427,302.2914369000064,303.27483419998316,303.27483419998316,303.27483419998316,303.27483419998316,303.2913891999924,304.2799076999945,304.2799076999945,305.059024999995,,,,,v,1,0.7748218000051565,None,02,001,2025-10-04_18h20.15.479,motor sequencing,,2025.1.1,59.850994964053996,2025-10-04 18h20.25.131581 +0530,
-150,z,19,19,4,z,1,0.8954369999992196,None,,,,,4,19,19,3,305.0749020999938,,305.05985769999097,305.0749020999938,306.0579042999889,306.0579042999889,306.0579042999889,306.0579042999889,306.07532340000034,307.0746244000038,307.0746244000038,307.97640089999186,,,,,z,1,0.8954369999992196,None,02,001,2025-10-04_18h20.15.479,motor sequencing,,2025.1.1,59.850994964053996,2025-10-04 18h20.25.131581 +0530,
150,v,20,20,4,v,1,0.8560527999943588,None,,,,,4,20,20,1,307.9924696999951,,307.97715249998146,307.9924696999951,308.9912431999983,308.9912431999983,308.9912431999983,308.9912431999983,309.0081906999985,309.99114179998287,309.99114179998287,310.8599047999887,,,,,v,1,0.8560527999943588,None,02,001,2025-10-04_18h20.15.479,motor sequencing,,2025.1.1,59.850994964053996,2025-10-04 18h20.25.131581 +0530,
150,v,21,21,5,v,1,0.8918229999835603,None,,,,,5,21,21,1,310.87518689999706,,310.86074249999365,310.87518689999706,311.8749986999901,311.8749986999901,311.8749986999901,311.8749986999901,311.8749986999901,312.8746576999838,312.8746576999838,313.77738109999336,,,,,v,1,0.8918229999835603,None,02,001,2025-10-04_18h20.15.479,motor sequencing,,2025.1.1,59.850994964053996,2025-10-04 18h20.25.131581 +0530,
150,v,22,22,6,v,1,0.8160376000159886,None,,,,,6,22,22,1,313.7919914999802,,313.77803129999666,313.7919914999802,314.79148529999657,314.79148529999657,314.79148529999657,314.79148529999657,314.79148529999657,315.79116429999704,315.79116429999704,316.6086844999809,,,,,v,1,0.8160376000159886,None,02,001,2025-10-04_18h20.15.479,motor sequencing,,2025.1.1,59.850994964053996,2025-10-04 18h20.25.131581 +0530,
-50,x,23,23,6,x,1,0.6466314000135753,None,,,,,6,23,23,0,316.62485520000337,,316.6093780999945,316.62485520000337,317.60854260000633,317.60854260000633,317.60854260000633,317.60854260000633,317.62514839999494,318.6082319999987,318.6082319999987,319.25894070000504,,,,,x,1,0.6466314000135753,None,02,001,2025-10-04_18h20.15.479,motor sequencing,,2025.1.1,59.850994964053996,2025-10-04 18h20.25.131581 +0530,
50,c,24,24,5,c,1,1.061132600007113,None,,,,,5,24,24,2,319.27475739998044,,319.2593291999947,319.27475739998044,320.258474000002,320.258474000002,320.258474000002,320.258474000002,320.2749191999901,321.25820849998854,321.25820849998854,322.3261281999876,,,,,c,1,1.061132600007113,None,02,001,2025-10-04_18h20.15.479,motor sequencing,,2025.1.1,59.850994964053996,2025-10-04 18h20.25.131581 +0530,
-150,z,25,25,5,z,1,0.810486399976071,None,,,,,5,25,25,3,322.34159799999907,,322.32685809998657,322.34159799999907,323.3413217999914,323.3413217999914,323.3413217999914,323.3413217999914,323.3413217999914,324.3416750000033,324.3416750000033,325.1591969000001,,,,,z,1,0.810486399976071,None,02,001,2025-10-04_18h20.15.479,motor sequencing,,2025.1.1,59.850994964053996,2025-10-04 18h20.25.131581 +0530,
150,v,26,26,7,v,1,0.6533802000049036,None,,,,,7,26,26,1,325.17521739998483,,325.1596798999817,325.17521739998483,326.17497339998954,326.17497339998954,326.17497339998954,326.17497339998954,326.17497339998954,327.15831729999627,327.15831729999627,327.8262484000006,,,,,v,1,0.6533802000049036,None,02,001,2025-10-04_18h20.15.479,motor sequencing,,2025.1.1,59.850994964053996,2025-10-04 18h20.25.131581 +0530,
-50,x,27,27,7,x,1,0.6572761000134051,None,,,,,7,27,27,0,327.8413562999922,,327.82714899998973,327.8413562999922,328.84122750000097,328.84122750000097,328.84122750000097,328.84122750000097,328.84122750000097,329.84168909999426,329.84168909999426,330.5096354999987,,,,,x,1,0.6572761000134051,None,02,001,2025-10-04_18h20.15.479,motor sequencing,,2025.1.1,59.850994964053996,2025-10-04 18h20.25.131581 +0530,
-50,x,28,28,8,x,1,1.2328416000236757,None,,,,,8,28,28,0,330.52526059999946,,330.51015069999266,330.52526059999946,331.5252607000002,331.5252607000002,331.5252607000002,331.5252607000002,331.5252607000002,332.5251050000079,332.5251050000079,333.7596634000074,,,,,x,1,1.2328416000236757,None,02,001,2025-10-04_18h20.15.479,motor sequencing,,2025.1.1,59.850994964053996,2025-10-04 18h20.25.131581 +0530,
150,v,29,29,8,v,1,0.983650200010743,None,,,,,8,29,29,1,333.7748805999872,,333.76038279998465,333.7748805999872,334.77513979998184,334.77513979998184,334.77513979998184,334.77513979998184,334.77513979998184,335.7751275000046,335.7751275000046,336.75950419998844,,,,,v,1,0.983650200010743,None,02,001,2025-10-04_18h20.15.479,motor sequencing,,2025.1.1,59.850994964053996,2025-10-04 18h20.25.131581 +0530,
-150,z,30,30,6,z,1,1.2278520000108983,None,,,,,6,30,30,3,336.7745850000065,,336.7599637999956,336.7745850000065,337.77472630000557,337.77472630000557,337.77472630000557,337.77472630000557,337.77472630000557,338.7750038999948,338.7750038999948,340.0091837999935,,,,,z,1,1.2278520000108983,None,02,001,2025-10-04_18h20.15.479,motor sequencing,,2025.1.1,59.850994964053996,2025-10-04 18h20.25.131581 +0530,
50,c,31,31,6,v,0,1.3711791000096127,None,,,,,6,31,31,2,340.0250263999915,,340.00985269999364,340.0250263999915,341.02467099999194,341.02467099999194,341.02467099999194,341.02467099999194,341.02467099999194,342.0248547999945,342.0248547999945,343.40935380000155,,,,,v,0,1.3711791000096127,None,02,001,2025-10-04_18h20.15.479,motor sequencing,,2025.1.1,59.850994964053996,2025-10-04 18h20.25.131581 +0530,
150,v,32,32,9,v,1,1.8656619999965187,None,,,,,9,32,32,1,343.4251760999905,,343.4098893000046,343.4251760999905,344.4088059999922,344.4088059999922,344.4088059999922,344.4088059999922,344.42524449998746,345.4252618000028,345.4252618000028,347.29233860000386,,,,,v,1,1.8656619999965187,None,02,001,2025-10-04_18h20.15.479,motor sequencing,,2025.1.1,59.850994964053996,2025-10-04 18h20.25.131581 +0530,
50,c,33,33,7,c,1,1.1581803000008222,None,,,,,7,33,33,2,347.3080257999827,,347.29294019998633,347.3080257999827,348.29134049999993,348.29134049999993,348.29134049999993,348.29134049999993,348.30794989998685,349.29142609998235,349.29142609998235,350.45928280000226,,,,,c,1,1.1581803000008222,None,02,001,2025-10-04_18h20.15.479,motor sequencing,,2025.1.1,59.850994964053996,2025-10-04 18h20.25.131581 +0530,
50,c,34,34,8,c,1,1.0517891999916174,None,,,,,8,34,34,2,350.475136699999,,350.4601144999906,350.475136699999,351.45849469999666,351.45849469999666,351.45849469999666,351.45849469999666,351.47477299999446,352.47474509998574,352.47474509998574,353.5426840999862,,,,,c,1,1.0517891999916174,None,02,001,2025-10-04_18h20.15.479,motor sequencing,,2025.1.1,59.850994964053996,2025-10-04 18h20.25.131581 +0530,
50,c,35,35,9,c,1,0.8136766999959946,None,,,,,9,35,35,2,353.55825109998113,,353.5431697999884,353.55825109998113,354.5412999999826,354.5412999999826,354.5412999999826,354.5412999999826,354.5582855999819,355.54183440000634,355.54183440000634,356.3585718999966,,,,,c,1,0.8136766999959946,None,02,001,2025-10-04_18h20.15.479,motor sequencing,,2025.1.1,59.850994964053996,2025-10-04 18h20.25.131581 +0530,
-150,z,36,36,7,z,1,0.8548360999848228,None,,,,,7,36,36,3,356.37448040000163,,356.35911950000445,356.37448040000163,357.357880399999,357.357880399999,357.357880399999,357.357880399999,357.3752767999831,358.3576996999909,358.3576996999909,359.2262991000025,,,,,z,1,0.8548360999848228,None,02,001,2025-10-04_18h20.15.479,motor sequencing,,2025.1.1,59.850994964053996,2025-10-04 18h20.25.131581 +0530,
-150,z,37,37,8,z,1,0.8624376000079792,None,,,,,8,37,37,3,359.24166959998547,,359.22692819999065,359.24166959998547,360.24142619999475,360.24142619999475,360.24142619999475,360.24142619999475,360.24142619999475,361.2415023999929,361.2415023999929,362.10879379999824,,,,,z,1,0.8624376000079792,None,02,001,2025-10-04_18h20.15.479,motor sequencing,,2025.1.1,59.850994964053996,2025-10-04 18h20.25.131581 +0530,
-150,z,38,38,9,z,1,0.7891447999863885,None,,,,,9,38,38,3,362.12496260000626,,362.10922300000675,362.12496260000626,363.1248878999904,363.1248878999904,363.1248878999904,363.1248878999904,363.1248878999904,364.10841029998846,364.10841029998846,364.9093445999897,,,,,z,1,0.7891447999863885,None,02,001,2025-10-04_18h20.15.479,motor sequencing,,2025.1.1,59.850994964053996,2025-10-04 18h20.25.131581 +0530,
-150,z,39,39,10,z,1,0.802495000010822,None,,,,,10,39,39,3,364.92522539998754,,364.90980560000753,364.92522539998754,365.92471099999966,365.92471099999966,365.92471099999966,365.92471099999966,365.92471099999966,366.9249262000085,366.9249262000085,367.7434678999998,,,,,z,1,0.802495000010822,None,02,001,2025-10-04_18h20.15.479,motor sequencing,,2025.1.1,59.850994964053996,2025-10-04 18h20.25.131581 +0530,
50,c,40,40,10,c,1,0.9161904000211507,None,,,,,10,40,40,2,367.75822530000005,,367.74411979998695,367.75822530000005,368.75927290000254,368.75927290000254,368.75927290000254,368.75927290000254,368.75927290000254,369.75846199999796,369.75846199999796,370.6761431999912,,,,,c,1,0.9161904000211507,None,02,001,2025-10-04_18h20.15.479,motor sequencing,,2025.1.1,59.850994964053996,2025-10-04 18h20.25.131581 +0530,
150,v,41,41,10,b,0,0.9925763000210281,None,,,,,10,41,41,1,370.6915875999839,,370.67683879999095,370.6915875999839,371.69201080000494,371.69201080000494,371.69201080000494,371.69201080000494,371.69201080000494,372.69140330000664,372.69140330000664,373.6921943000052,,,,,b,0,0.9925763000210281,None,02,001,2025-10-04_18h20.15.479,motor sequencing,,2025.1.1,59.850994964053996,2025-10-04 18h20.25.131581 +0530,
-150,z,42,42,11,z,1,0.8673358999949414,None,,,,,11,42,42,3,373.7078474999871,,373.6928087999986,373.7078474999871,374.6911856000079,374.6911856000079,374.6911856000079,374.6911856000079,374.7077512999822,375.69188009999925,375.69188009999925,376.5752211000072,,,,,z,1,0.8673358999949414,None,02,001,2025-10-04_18h20.15.479,motor sequencing,,2025.1.1,59.850994964053996,2025-10-04 18h20.25.131581 +0530,
-50,x,43,43,9,x,1,0.9488058999995701,None,,,,,9,43,43,0,376.59162289998494,,376.5756817999936,376.59162289998494,377.57522450000397,377.57522450000397,377.57522450000397,377.57522450000397,377.59126839999226,378.5751514000003,378.5751514000003,379.52487019999535,,,,,x,1,0.9488058999995701,None,02,001,2025-10-04_18h20.15.479,motor sequencing,,2025.1.1,59.850994964053996,2025-10-04 18h20.25.131581 +0530,
150,v,44,44,11,v,1,0.8824419000011403,None,,,,,11,44,44,1,379.5410980999877,,379.5253383999807,379.5410980999877,380.5254964999913,380.5254964999913,380.5254964999913,380.5254964999913,380.5419514999958,381.52466629998526,381.52466629998526,382.40885239999625,,,,,v,1,0.8824419000011403,None,02,001,2025-10-04_18h20.15.479,motor sequencing,,2025.1.1,59.850994964053996,2025-10-04 18h20.25.131581 +0530,
50,c,45,45,11,c,1,0.7954368999926373,None,,,,,11,45,45,2,382.42509579999023,,382.40954289998626,382.42509579999023,383.40838390000863,383.40838390000863,383.40838390000863,383.40838390000863,383.4251499999955,384.40814399998635,384.40814399998635,385.20923209999455,,,,,c,1,0.7954368999926373,None,02,001,2025-10-04_18h20.15.479,motor sequencing,,2025.1.1,59.850994964053996,2025-10-04 18h20.25.131581 +0530,
150,v,46,46,12,v,1,1.2561449000204448,None,,,,,12,46,46,1,385.22473499999614,,385.20978139998624,385.22473499999614,386.2251648999809,386.2251648999809,386.2251648999809,386.2251648999809,386.2251648999809,387.2083166000084,387.2083166000084,388.47617449998506,,,,,v,1,1.2561449000204448,None,02,001,2025-10-04_18h20.15.479,motor sequencing,,2025.1.1,59.850994964053996,2025-10-04 18h20.25.131581 +0530,
-50,x,47,47,10,x,1,0.9686696999997366,None,,,,,10,47,47,0,388.4918725999887,,388.4766794999887,388.4918725999887,389.4914762999979,389.4914762999979,389.4914762999979,389.4914762999979,389.4914762999979,390.4752402000013,390.4752402000013,391.45945639998536,,,,,x,1,0.9686696999997366,None,02,001,2025-10-04_18h20.15.479,motor sequencing,,2025.1.1,59.850994964053996,2025-10-04 18h20.25.131581 +0530,
150,v,48,48,13,v,1,0.9747078999935184,None,,,,,13,48,48,1,391.4752106999804,,391.4599245999998,391.4752106999804,392.457979800005,392.457979800005,392.457979800005,392.457979800005,392.47527669998817,393.47520230000373,393.47520230000373,394.4589740000083,,,,,v,1,0.9747078999935184,None,02,001,2025-10-04_18h20.15.479,motor sequencing,,2025.1.1,59.850994964053996,2025-10-04 18h20.25.131581 +0530,
-150,z,49,49,12,z,1,0.8123737999994773,None,,,,,12,49,49,3,394.4746031999821,,394.45963599998504,394.4746031999821,395.4748857000086,395.4748857000086,395.4748857000086,395.4748857000086,395.4748857000086,396.4578030999983,396.4578030999983,397.2752656000084,,,,,z,1,0.8123737999994773,None,02,001,2025-10-04_18h20.15.479,motor sequencing,,2025.1.1,59.850994964053996,2025-10-04 18h20.25.131581 +0530,
-50,x,50,50,11,x,1,0.8612981999758631,None,,,,,11,50,50,0,397.2914802999876,,397.2757168999815,397.2914802999876,398.2751847000036,398.2751847000036,398.2751847000036,398.2751847000036,398.29163900000276,399.2749785000051,399.2749785000051,400.14260540000396,,,,,x,1,0.8612981999758631,None,02,001,2025-10-04_18h20.15.479,motor sequencing,,2025.1.1,59.850994964053996,2025-10-04 18h20.25.131581 +0530,
50,c,51,51,12,c,1,0.4742475999810267,None,,,,,12,51,51,2,400.1585441000061,,400.14304840000113,400.1585441000061,401.14151309998124,401.14151309998124,401.14151309998124,401.14151309998124,401.1582417000027,402.15835979999974,402.15835979999974,402.6427928000048,,,,,c,1,0.4742475999810267,None,02,001,2025-10-04_18h20.15.479,motor sequencing,,2025.1.1,59.850994964053996,2025-10-04 18h20.25.131581 +0530,
-50,x,52,52,12,x,1,0.7684491000254638,None,,,,,12,52,52,0,402.658071199985,,402.64378779998515,402.658071199985,403.65841179998824,403.65841179998824,403.65841179998824,403.65841179998824,403.65841179998824,404.641572499997,404.641572499997,405.4258392000047,,,,,x,1,0.7684491000254638,None,02,001,2025-10-04_18h20.15.479,motor sequencing,,2025.1.1,59.850994964053996,2025-10-04 18h20.25.131581 +0530,
150,v,53,53,14,v,1,0.9811894000158645,None,,,,,14,53,53,1,405.44145300000673,,405.4264645999938,405.44145300000673,406.4248862999957,406.4248862999957,406.4248862999957,406.4248862999957,406.44132700000773,407.4419472999871,407.4419472999871,408.42599019999034,,,,,v,1,0.9811894000158645,None,02,001,2025-10-04_18h20.15.479,motor sequencing,,2025.1.1,59.850994964053996,2025-10-04 18h20.25.131581 +0530,
150,v,54,54,15,v,1,1.0793877000105567,None,,,,,15,54,54,1,408.44163089999347,,408.4268003999896,408.44163089999347,409.44166819998645,409.44166819998645,409.44166819998645,409.44166819998645,409.44166819998645,410.4252531999955,410.4252531999955,411.50915279999026,,,,,v,1,1.0793877000105567,None,02,001,2025-10-04_18h20.15.479,motor sequencing,,2025.1.1,59.850994964053996,2025-10-04 18h20.25.131581 +0530,
-50,x,55,55,13,x,1,0.8346111999999266,None,,,,,13,55,55,0,411.52494289999595,,411.5096232999931,411.52494289999595,412.50784569999087,412.50784569999087,412.50784569999087,412.50784569999087,412.52526940000826,413.5082884999865,413.5082884999865,414.3586843999801,,,,,x,1,0.8346111999999266,None,02,001,2025-10-04_18h20.15.479,motor sequencing,,2025.1.1,59.850994964053996,2025-10-04 18h20.25.131581 +0530,
-150,z,56,56,13,z,1,0.8302525999897625,None,,,,,13,56,56,3,414.37482130000717,,414.3592220999999,414.37482130000717,415.35825639998075,415.35825639998075,415.35825639998075,415.35825639998075,415.3750940999889,416.35775629998534,416.35775629998534,417.19253569998546,,,,,z,1,0.8302525999897625,None,02,001,2025-10-04_18h20.15.479,motor sequencing,,2025.1.1,59.850994964053996,2025-10-04 18h20.25.131581 +0530,
-150,z,57,57,14,z,1,0.8287263999809511,None,,,,,14,57,57,3,417.20869519998087,,417.1931389999809,417.20869519998087,418.19197300000815,418.19197300000815,418.19197300000815,418.19197300000815,418.20837419998134,419.19142349998583,419.19142349998583,420.0261101000069,,,,,z,1,0.8287263999809511,None,02,001,2025-10-04_18h20.15.479,motor sequencing,,2025.1.1,59.850994964053996,2025-10-04 18h20.25.131581 +0530,
50,c,58,58,13,c,1,0.6987134999944828,None,,,,,13,58,58,2,420.04180429998087,,420.02661709999666,420.04180429998087,421.04205640000873,421.04205640000873,421.04205640000873,421.04205640000873,421.04205640000873,422.0247903999989,422.0247903999989,422.7254476999806,,,,,c,1,0.6987134999944828,None,02,001,2025-10-04_18h20.15.479,motor sequencing,,2025.1.1,59.850994964053996,2025-10-04 18h20.25.131581 +0530,
-150,z,59,59,15,z,1,0.6422579000063706,None,,,,,15,59,59,3,422.7421922000067,,422.7260079999978,422.7421922000067,423.725159499998,423.725159499998,423.725159499998,423.725159499998,423.7413003999973,424.7415650000039,424.7415650000039,425.3926577999955,,,,,z,1,0.6422579000063706,None,02,001,2025-10-04_18h20.15.479,motor sequencing,,2025.1.1,59.850994964053996,2025-10-04 18h20.25.131581 +0530,
50,c,60,60,14,c,1,0.6182785000128206,None,,,,,14,60,60,2,425.4082395999867,,425.3931062000047,425.4082395999867,426.3918057999981,426.3918057999981,426.3918057999981,426.3918057999981,426.4086072999926,427.39196710000397,427.39196710000397,428.0261993999884,,,,,c,1,0.6182785000128206,None,02,001,2025-10-04_18h20.15.479,motor sequencing,,2025.1.1,59.850994964053996,2025-10-04 18h20.25.131581 +0530,
-50,x,61,61,14,x,1,0.5600123000040185,None,,,,,14,61,61,0,428.04185119998874,,428.0268119999964,428.04185119998874,429.04126209998503,429.04126209998503,429.04126209998503,429.04126209998503,429.04126209998503,430.04167909998796,430.04167909998796,430.6092478999926,,,,,x,1,0.5600123000040185,None,02,001,2025-10-04_18h20.15.479,motor sequencing,,2025.1.1,59.850994964053996,2025-10-04 18h20.25.131581 +0530,
50,c,62,62,15,c,1,0.34161559998756275,None,,,,,15,62,62,2,430.6251493000018,,430.6101752999821,430.6251493000018,431.6079201999819,431.6079201999819,431.6079201999819,431.6079201999819,431.62476340000285,432.62518309999723,432.62518309999723,432.97611119999783,,,,,c,1,0.34161559998756275,None,02,001,2025-10-04_18h20.15.479,motor sequencing,,2025.1.1,59.850994964053996,2025-10-04 18h20.25.131581 +0530,
50,c,63,63,16,c,1,0.3451241000148002,None,,,,,16,63,63,2,432.9913057000085,,432.9767384000006,432.9913057000085,433.9920506000053,433.9920506000053,433.9920506000053,433.9920506000053,433.9920506000053,434.9916625999904,434.9916625999904,435.3428263999813,,,,,c,1,0.3451241000148002,None,02,001,2025-10-04_18h20.15.479,motor sequencing,,2025.1.1,59.850994964053996,2025-10-04 18h20.25.131581 +0530,
-50,x,64,64,15,x,1,0.5675279000133742,None,,,,,15,64,64,0,435.3581537999853,,435.34346089998144,435.3581537999853,436.3420075000031,436.3420075000031,436.3420075000031,436.3420075000031,436.3583020000078,437.3583398000046,437.3583398000046,437.92730549999396,,,,,x,1,0.5675279000133742,None,02,001,2025-10-04_18h20.15.479,motor sequencing,,2025.1.1,59.850994964053996,2025-10-04 18h20.25.131581 +0530,
50,c,65,65,17,c,1,0.447174900007667,None,,,,,17,65,65,2,437.94159080000827,,437.92804629998864,437.94159080000827,438.94182109998656,438.94182109998656,438.94182109998656,438.94182109998656,438.94182109998656,439.94169149998925,439.94169149998925,440.3925889999955,,,,,c,1,0.447174900007667,None,02,001,2025-10-04_18h20.15.479,motor sequencing,,2025.1.1,59.850994964053996,2025-10-04 18h20.25.131581 +0530,
-150,z,66,66,16,z,1,0.4906522000092082,None,,,,,16,66,66,3,440.40818569998373,,440.3931798999838,440.40818569998373,441.3914517000085,441.3914517000085,441.3914517000085,441.3914517000085,441.4081169999845,442.39202739999746,442.39202739999746,442.8925734999939,,,,,z,1,0.4906522000092082,None,02,001,2025-10-04_18h20.15.479,motor sequencing,,2025.1.1,59.850994964053996,2025-10-04 18h20.25.131581 +0530,
-150,z,67,67,17,z,1,0.5326260000001639,None,,,,,17,67,67,3,442.9084178000048,,442.89309100000537,442.9084178000048,443.90856569999596,443.90856569999596,443.90856569999596,443.90856569999596,443.90856569999596,444.9083161999879,444.9083161999879,445.4426084999868,,,,,z,1,0.5326260000001639,None,02,001,2025-10-04_18h20.15.479,motor sequencing,,2025.1.1,59.850994964053996,2025-10-04 18h20.25.131581 +0530,
150,v,68,68,16,v,1,0.46524829999543726,None,,,,,16,68,68,1,445.4580158999888,,445.4433360999974,445.4580158999888,446.4412885000056,446.4412885000056,446.4412885000056,446.4412885000056,446.45828849999816,447.441624900006,447.441624900006,447.90871349998633,,,,,v,1,0.46524829999543726,None,02,001,2025-10-04_18h20.15.479,motor sequencing,,2025.1.1,59.850994964053996,2025-10-04 18h20.25.131581 +0530,
-50,x,69,69,16,x,1,1.9339496000029612,None,,,,,16,69,69,0,447.9246251999866,,447.90934419998666,447.9246251999866,448.9085448999831,448.9085448999831,448.9085448999831,448.9085448999831,448.9253744999878,449.90816190000623,449.90816190000623,451.84288240000024,,,,,x,1,1.9339496000029612,None,02,001,2025-10-04_18h20.15.479,motor sequencing,,2025.1.1,59.850994964053996,2025-10-04 18h20.25.131581 +0530,
50,c,70,70,18,c,1,0.43304669999633916,None,,,,,18,70,70,2,451.8583132000058,,451.84348680000403,451.8583132000058,452.85837770000217,452.85837770000217,452.85837770000217,452.85837770000217,452.85837770000217,453.8585697999806,453.8585697999806,454.29298520000884,,,,,c,1,0.43304669999633916,None,02,001,2025-10-04_18h20.15.479,motor sequencing,,2025.1.1,59.850994964053996,2025-10-04 18h20.25.131581 +0530,
-50,x,71,71,17,x,1,0.539779799990356,None,,,,,17,71,71,0,454.3080381999898,,454.29423999998835,454.3080381999898,455.3084694999852,455.3084694999852,455.3084694999852,455.3084694999852,455.3084694999852,456.3086554000038,456.3086554000038,456.85966719998396,,,,,x,1,0.539779799990356,None,02,001,2025-10-04_18h20.15.479,motor sequencing,,2025.1.1,59.850994964053996,2025-10-04 18h20.25.131581 +0530,
150,v,72,72,17,v,1,0.5455275000131223,None,,,,,17,72,72,1,456.8747827000043,,456.86047809998854,456.8747827000043,457.8745953000034,457.8745953000034,457.8745953000034,457.8745953000034,457.8745953000034,458.87457919999724,458.87457919999724,459.4265141999931,,,,,v,1,0.5455275000131223,None,02,001,2025-10-04_18h20.15.479,motor sequencing,,2025.1.1,59.850994964053996,2025-10-04 18h20.25.131581 +0530,
50,c,73,73,19,c,1,0.46915059999446385,None,,,,,19,73,73,2,459.4417671999836,,459.4272292999958,459.4417671999836,460.4416837999888,460.4416837999888,460.4416837999888,460.4416837999888,460.4416837999888,461.4418389000057,461.4418389000057,461.92600829998264,,,,,c,1,0.46915059999446385,None,02,001,2025-10-04_18h20.15.479,motor sequencing,,2025.1.1,59.850994964053996,2025-10-04 18h20.25.131581 +0530,
-150,z,74,74,18,z,1,0.41287820000434294,None,,,,,18,74,74,3,461.9423087000032,,461.92679870000575,461.9423087000032,462.9248995000089,462.9248995000089,462.9248995000089,462.9248995000089,462.94172020000406,463.92513819999294,463.92513819999294,464.3427478999947,,,,,z,1,0.41287820000434294,None,02,001,2025-10-04_18h20.15.479,motor sequencing,,2025.1.1,59.850994964053996,2025-10-04 18h20.25.131581 +0530,
-50,x,75,75,18,x,1,0.43392949999542907,None,,,,,18,75,75,0,464.35856009999407,,464.3433098999958,464.35856009999407,465.35828689998016,465.35828689998016,465.35828689998016,465.35828689998016,465.35828689998016,466.3416739999957,466.3416739999957,466.7761277999962,,,,,x,1,0.43392949999542907,None,02,001,2025-10-04_18h20.15.479,motor sequencing,,2025.1.1,59.850994964053996,2025-10-04 18h20.25.131581 +0530,
150,v,76,76,18,v,1,0.6339845000184141,None,,,,,18,76,76,1,466.7915982999839,,466.7767850999953,466.7915982999839,467.77528289999464,467.77528289999464,467.77528289999464,467.77528289999464,467.7927801999904,468.7916264999949,468.7916264999949,469.42653060000157,,,,,v,1,0.6339845000184141,None,02,001,2025-10-04_18h20.15.479,motor sequencing,,2025.1.1,59.850994964053996,2025-10-04 18h20.25.131581 +0530,
150,v,77,77,19,v,1,0.5874498999910429,None,,,,,19,77,77,1,469.4412960000045,,469.42707370000426,469.4412960000045,470.4416535999917,470.4416535999917,470.4416535999917,470.4416535999917,470.4416535999917,471.4416595000075,471.4416595000075,472.042518000002,,,,,v,1,0.5874498999910429,None,02,001,2025-10-04_18h20.15.479,motor sequencing,,2025.1.1,59.850994964053996,2025-10-04 18h20.25.131581 +0530,
-50,x,78,78,19,x,1,0.6610211000079289,None,,,,,19,78,78,0,472.0581034999923,,472.04308810000657,472.0581034999923,473.0422212999838,473.0422212999838,473.0422212999838,473.0422212999838,473.0580909999844,474.0582182999933,474.0582182999933,474.72588729998097,,,,,x,1,0.6610211000079289,None,02,001,2025-10-04_18h20.15.479,motor sequencing,,2025.1.1,59.850994964053996,2025-10-04 18h20.25.131581 +0530,
-150,z,79,79,19,z,1,0.9879046999849379,None,,,,,19,79,79,3,474.7413214999833,,474.7266325999808,474.7413214999833,475.7252512999985,475.7252512999985,475.7252512999985,475.7252512999985,475.7412495999888,476.7251066000026,476.7251066000026,477.72613289998844,,,,,z,1,0.9879046999849379,None,02,001,2025-10-04_18h20.15.479,motor sequencing,,2025.1.1,59.850994964053996,2025-10-04 18h20.25.131581 +0530,
150,v,80,80,20,v,1,0.5166068999969866,None,,,,,20,80,80,1,477.7414238000056,,477.7266660000023,477.7414238000056,478.7418461999914,478.7418461999914,478.7418461999914,478.7418461999914,478.7418461999914,479.74144559999695,479.74144559999695,480.25977509998484,,,,,v,1,0.5166068999969866,None,02,001,2025-10-04_18h20.15.479,motor sequencing,,2025.1.1,59.850994964053996,2025-10-04 18h20.25.131581 +0530,
150,v,81,81,21,v,1,0.5293489000177942,None,,,,,21,81,81,1,480.2750199000002,,480.26052640000125,480.2750199000002,481.27521920000436,481.27521920000436,481.27521920000436,481.27521920000436,481.27521920000436,482.27524279998033,482.27524279998033,482.8094238000049,,,,,v,1,0.5293489000177942,None,02,001,2025-10-04_18h20.15.479,motor sequencing,,2025.1.1,59.850994964053996,2025-10-04 18h20.25.131581 +0530,
150,v,82,82,22,v,1,0.797909199987771,None,,,,,22,82,82,1,482.8250657999888,,482.8101401999884,482.8250657999888,483.80824429998756,483.80824429998756,483.80824429998756,483.80824429998756,483.8252691999951,484.80826479999814,484.80826479999814,485.6091395999829,,,,,v,1,0.797909199987771,None,02,001,2025-10-04_18h20.15.479,motor sequencing,,2025.1.1,59.850994964053996,2025-10-04 18h20.25.131581 +0530,
150,v,83,83,23,v,1,0.46887370001059026,None,,,,,23,83,83,1,485.624725200003,,485.60983390000183,485.624725200003,486.6250794999942,486.6250794999942,486.6250794999942,486.6250794999942,486.6250794999942,487.6253443000023,487.6253443000023,488.1093417000084,,,,,v,1,0.46887370001059026,None,02,001,2025-10-04_18h20.15.479,motor sequencing,,2025.1.1,59.850994964053996,2025-10-04 18h20.25.131581 +0530,
-50,x,84,84,20,x,1,0.48500349998357706,None,,,,,20,84,84,0,488.1251464999805,,488.10982610000065,488.1251464999805,489.1081825000001,489.1081825000001,489.1081825000001,489.1081825000001,489.1249787999841,490.10826239999733,490.10826239999733,490.60963329998776,,,,,x,1,0.48500349998357706,None,02,001,2025-10-04_18h20.15.479,motor sequencing,,2025.1.1,59.850994964053996,2025-10-04 18h20.25.131581 +0530,
-50,x,85,85,21,x,1,0.4987986999913119,None,,,,,21,85,85,0,490.6252232999832,,490.61026049999055,490.6252232999832,491.6252916000085,491.6252916000085,491.6252916000085,491.6252916000085,491.6252916000085,492.62646889997995,492.62646889997995,493.1267103999853,,,,,x,1,0.4987986999913119,None,02,001,2025-10-04_18h20.15.479,motor sequencing,,2025.1.1,59.850994964053996,2025-10-04 18h20.25.131581 +0530,
50,c,86,86,20,c,1,0.5427257999836002,None,,,,,20,86,86,2,493.14118529998814,,493.12727639998775,493.14118529998814,494.14181729999837,494.14181729999837,494.14181729999837,494.14181729999837,494.14181729999837,495.141864300007,495.141864300007,495.69244569999864,,,,,c,1,0.5427257999836002,None,02,001,2025-10-04_18h20.15.479,motor sequencing,,2025.1.1,59.850994964053996,2025-10-04 18h20.25.131581 +0530,
-50,x,87,87,22,x,1,0.4756534000043757,None,,,,,22,87,87,0,495.708724600001,,495.6929559999844,495.708724600001,496.691897599987,496.691897599987,496.691897599987,496.691897599987,496.70791029999964,497.6912983999937,497.6912983999937,498.17604839999694,,,,,x,1,0.4756534000043757,None,02,001,2025-10-04_18h20.15.479,motor sequencing,,2025.1.1,59.850994964053996,2025-10-04 18h20.25.131581 +0530,
50,c,88,88,21,c,1,0.5661200000031386,None,,,,,21,88,88,2,498.1919670999923,,498.17668279999634,498.1919670999923,499.19192199999816,499.19192199999816,499.19192199999816,499.19192199999816,499.19192199999816,500.1918357999821,500.1918357999821,500.7621518999804,,,,,c,1,0.5661200000031386,None,02,001,2025-10-04_18h20.15.479,motor sequencing,,2025.1.1,59.850994964053996,2025-10-04 18h20.25.131581 +0530,
-150,z,89,89,20,z,1,0.7999264000100084,None,,,,,20,89,89,3,500.77472759998636,,500.7627070999879,500.77472759998636,501.77505569998175,501.77505569998175,501.77505569998175,501.77505569998175,501.77505569998175,502.775026599993,502.775026599993,503.5769172,,,,,z,1,0.7999264000100084,None,02,001,2025-10-04_18h20.15.479,motor sequencing,,2025.1.1,59.850994964053996,2025-10-04 18h20.25.131581 +0530,
-150,z,90,90,21,z,1,0.6195731999760028,None,,,,,21,90,90,3,503.5919554999855,,503.5777252999833,503.5919554999855,504.5918979999842,504.5918979999842,504.5918979999842,504.5918979999842,504.5918979999842,505.59149220000836,505.59149220000836,506.2256964999833,,,,,z,1,0.6195731999760028,None,02,001,2025-10-04_18h20.15.479,motor sequencing,,2025.1.1,59.850994964053996,2025-10-04 18h20.25.131581 +0530,
50,c,91,91,22,c,1,0.45911970001179725,None,,,,,22,91,91,2,506.24152859998867,,506.22631810000166,506.24152859998867,507.2247749000089,507.2247749000089,507.2247749000089,507.2247749000089,507.24128829999245,508.22511689999374,508.22511689999374,508.69238439999754,,,,,c,1,0.45911970001179725,None,02,001,2025-10-04_18h20.15.479,motor sequencing,,2025.1.1,59.850994964053996,2025-10-04 18h20.25.131581 +0530,
50,c,92,92,23,c,1,0.6408951999910641,None,,,,,23,92,92,2,508.7078249999904,,508.69283559999894,508.7078249999904,509.69203119998565,509.69203119998565,509.69203119998565,509.69203119998565,509.70825749999494,510.69148189999396,510.69148189999396,511.3419932999823,,,,,c,1,0.6408951999910641,None,02,001,2025-10-04_18h20.15.479,motor sequencing,,2025.1.1,59.850994964053996,2025-10-04 18h20.25.131581 +0530,
-50,x,93,93,23,x,1,0.6947341999912169,None,,,,,23,93,93,0,511.35791049999534,,511.34255739999935,511.35791049999534,512.341439699987,512.341439699987,512.341439699987,512.341439699987,512.3586167999892,513.3417982999817,513.3417982999817,514.0421266999911,,,,,x,1,0.6947341999912169,None,02,001,2025-10-04_18h20.15.479,motor sequencing,,2025.1.1,59.850994964053996,2025-10-04 18h20.25.131581 +0530,
-150,z,94,94,22,z,1,0.7880702999827918,None,,,,,22,94,94,3,514.058695499989,,514.0425869000028,514.058695499989,515.0414438000007,515.0414438000007,515.0414438000007,515.0414438000007,515.0586633000057,516.0416637999879,516.0416637999879,516.8425803999999,,,,,z,1,0.7880702999827918,None,02,001,2025-10-04_18h20.15.479,motor sequencing,,2025.1.1,59.850994964053996,2025-10-04 18h20.25.131581 +0530,
-50,x,95,95,24,z,0,0.5095366000023205,None,,,,,24,95,95,0,516.8581632999994,,516.843228999991,516.8581632999994,517.8415579999855,517.8415579999855,517.8415579999855,517.8415579999855,517.8579360999865,518.8584284999815,518.8584284999815,519.3757732000086,,,,,z,0,0.5095366000023205,None,02,001,2025-10-04_18h20.15.479,motor sequencing,,2025.1.1,59.850994964053996,2025-10-04 18h20.25.131581 +0530,
-150,z,96,96,23,z,1,0.6707995000178926,None,,,,,23,96,96,3,519.3920134000073,,519.3763014999859,519.3920134000073,520.3919426999928,520.3919426999928,520.3919426999928,520.3919426999928,520.3919426999928,521.3917255999986,521.3917255999986,522.0758029999852,,,,,z,1,0.6707995000178926,None,02,001,2025-10-04_18h20.15.479,motor sequencing,,2025.1.1,59.850994964053996,2025-10-04 18h20.25.131581 +0530,
50,c,97,97,24,c,1,0.503556200012099,None,,,,,24,97,97,2,522.0912742000073,,522.0763870000083,522.0912742000073,523.07491939998,523.07491939998,523.07491939998,523.07491939998,523.0916036999843,524.0749027999991,524.0749027999991,524.5924738000031,,,,,c,1,0.503556200012099,None,02,001,2025-10-04_18h20.15.479,motor sequencing,,2025.1.1,59.850994964053996,2025-10-04 18h20.25.131581 +0530,
150,v,98,98,24,v,1,0.9749076000007335,None,,,,,24,98,98,1,524.6079928999825,,524.5929387999931,524.6079928999825,525.5920060999924,525.5920060999924,525.5920060999924,525.5920060999924,525.6084053000086,526.608610700001,526.608610700001,527.5925859999843,,,,,v,1,0.9749076000007335,None,02,001,2025-10-04_18h20.15.479,motor sequencing,,2025.1.1,59.850994964053996,2025-10-04 18h20.25.131581 +0530,
-150,z,99,99,24,z,1,0.5940132999967318,None,,,,,24,99,99,3,527.6079891999834,,527.5931757999933,527.6079891999834,528.5915504999866,528.5915504999866,528.5915504999866,528.5915504999866,528.6086623999872,529.5916042999888,529.5916042999888,530.1925791999965,,,,,z,1,0.5940132999967318,None,02,001,2025-10-04_18h20.15.479,motor sequencing,,2025.1.1,59.850994964053996,2025-10-04 18h20.25.131581 +0530,
